20162017,20172018,20182019,20192020,20202021,20212022,20222023,20232024
"{'jerseyNumber': 18, 'apiID': 8470599, 'name': 'Milan Michalek', 'position': 'Left Wing', 'firstName': 'Milan', 'lastName': 'Michalek'}","{'jerseyNumber': 12, 'apiID': 8466139, 'name': 'Patrick Marleau', 'position': 'Center', 'firstName': 'Patrick', 'lastName': 'Marleau'}","{'jerseyNumber': 12, 'apiID': 8466139, 'name': 'Patrick Marleau', 'position': 'Center', 'firstName': 'Patrick', 'lastName': 'Marleau'}","{'jerseyNumber': 19, 'apiID': 8469455, 'name': 'Jason Spezza', 'position': 'Center', 'firstName': 'Jason', 'lastName': 'Spezza'}","{'jerseyNumber': 19, 'apiID': 8466138, 'name': 'Joe Thornton', 'position': 'Center', 'firstName': 'Joe', 'lastName': 'Thornton'}","{'jerseyNumber': 19, 'apiID': 8469455, 'name': 'Jason Spezza', 'position': 'Center', 'firstName': 'Jason', 'lastName': 'Spezza'}","{'jerseyNumber': 55, 'apiID': 8470966, 'name': 'Mark Giordano', 'position': 'Defenseman', 'firstName': 'Mark', 'lastName': 'Giordano'}","{'jerseyNumber': 8, 'apiID': 8474162, 'name': 'Jake Muzzin', 'position': 'Defenseman', 'firstName': 'Jake', 'lastName': 'Muzzin'}"
"{'jerseyNumber': 21, 'apiID': 8470611, 'name': 'Eric Fehr', 'position': 'Center', 'firstName': 'Eric', 'lastName': 'Fehr'}","{'jerseyNumber': 81, 'apiID': 8468493, 'name': 'Ron Hainsey', 'position': 'Defenseman', 'firstName': 'Ron', 'lastName': 'Hainsey'}","{'jerseyNumber': 81, 'apiID': 8468493, 'name': 'Ron Hainsey', 'position': 'Defenseman', 'firstName': 'Ron', 'lastName': 'Hainsey'}","{'jerseyNumber': 8, 'apiID': 8474162, 'name': 'Jake Muzzin', 'position': 'Defenseman', 'firstName': 'Jake', 'lastName': 'Muzzin'}","{'jerseyNumber': 19, 'apiID': 8469455, 'name': 'Jason Spezza', 'position': 'Center', 'firstName': 'Jason', 'lastName': 'Spezza'}","{'jerseyNumber': 55, 'apiID': 8470966, 'name': 'Mark Giordano', 'position': 'Defenseman', 'firstName': 'Mark', 'lastName': 'Giordano'}","{'jerseyNumber': 8, 'apiID': 8474162, 'name': 'Jake Muzzin', 'position': 'Defenseman', 'firstName': 'Jake', 'lastName': 'Muzzin'}","{'jerseyNumber': 89, 'apiID': 8481582, 'name': 'Nicholas Robertson', 'position': 'Left Wing', 'firstName': 'Nicholas', 'lastName': 'Robertson'}"
"{'jerseyNumber': 11, 'apiID': 8470619, 'name': 'Brian Boyle', 'position': 'Center', 'firstName': 'Brian', 'lastName': 'Boyle'}","{'jerseyNumber': 20, 'apiID': 8468575, 'name': 'Dominic Moore', 'position': 'Center', 'firstName': 'Dominic', 'lastName': 'Moore'}","{'jerseyNumber': 8, 'apiID': 8474162, 'name': 'Jake Muzzin', 'position': 'Defenseman', 'firstName': 'Jake', 'lastName': 'Muzzin'}","{'jerseyNumber': 43, 'apiID': 8475160, 'name': 'Kyle Clifford', 'position': 'Left Wing', 'firstName': 'Kyle', 'lastName': 'Clifford'}","{'jerseyNumber': 17, 'apiID': 8473422, 'name': 'Nick Foligno', 'position': 'Left Wing', 'firstName': 'Nick', 'lastName': 'Foligno'}","{'jerseyNumber': 33, 'apiID': 8473415, 'name': 'Alex Biega', 'position': 'Defenseman', 'firstName': 'Alex', 'lastName': 'Biega'}","{'jerseyNumber': 24, 'apiID': 8474190, 'name': 'Wayne Simmonds', 'position': 'Right Wing', 'firstName': 'Wayne', 'lastName': 'Simmonds'}","{'jerseyNumber': 55, 'apiID': 8470966, 'name': 'Mark Giordano', 'position': 'Defenseman', 'firstName': 'Mark', 'lastName': 'Giordano'}"
"{'jerseyNumber': 45, 'apiID': 8471392, 'name': 'Roman Polak', 'position': 'Defenseman', 'firstName': 'Roman', 'lastName': 'Polak'}","{'jerseyNumber': 14, 'apiID': 8469521, 'name': 'Tomas Plekanec', 'position': 'Center', 'firstName': 'Tomas', 'lastName': 'Plekanec'}","{'jerseyNumber': 51, 'apiID': 8474581, 'name': 'Jake Gardiner', 'position': 'Defenseman', 'firstName': 'Jake', 'lastName': 'Gardiner'}","{'jerseyNumber': 91, 'apiID': 8475166, 'name': 'John Tavares', 'position': 'Center', 'firstName': 'John', 'lastName': 'Tavares'}","{'jerseyNumber': 8, 'apiID': 8474162, 'name': 'Jake Muzzin', 'position': 'Defenseman', 'firstName': 'Jake', 'lastName': 'Muzzin'}","{'jerseyNumber': 8, 'apiID': 8474162, 'name': 'Jake Muzzin', 'position': 'Defenseman', 'firstName': 'Jake', 'lastName': 'Muzzin'}","{'jerseyNumber': 2, 'apiID': 8474568, 'name': 'Luke Schenn', 'position': 'Defenseman', 'firstName': 'Luke', 'lastName': 'Schenn'}","{'jerseyNumber': 75, 'apiID': 8471817, 'name': 'Ryan Reaves', 'position': 'Right Wing', 'firstName': 'Ryan', 'lastName': 'Reaves'}"
"{'jerseyNumber': 48, 'apiID': 8471436, 'name': 'Matt Hunwick', 'position': 'Defenseman', 'firstName': 'Matt', 'lastName': 'Hunwick'}","{'jerseyNumber': 21, 'apiID': 8470611, 'name': 'Eric Fehr', 'position': 'Center', 'firstName': 'Eric', 'lastName': 'Fehr'}","{'jerseyNumber': 63, 'apiID': 8474589, 'name': 'Tyler Ennis', 'position': 'Right Wing', 'firstName': 'Tyler', 'lastName': 'Ennis'}","{'jerseyNumber': 22, 'apiID': 8475197, 'name': 'Tyson Barrie', 'position': 'Defenseman', 'firstName': 'Tyson', 'lastName': 'Barrie'}","{'jerseyNumber': 24, 'apiID': 8474190, 'name': 'Wayne Simmonds', 'position': 'Right Wing', 'firstName': 'Wayne', 'lastName': 'Simmonds'}","{'jerseyNumber': 24, 'apiID': 8474190, 'name': 'Wayne Simmonds', 'position': 'Right Wing', 'firstName': 'Wayne', 'lastName': 'Simmonds'}","{'jerseyNumber': 78, 'apiID': 8474673, 'name': 'TJ Brodie', 'position': 'Defenseman', 'firstName': 'TJ', 'lastName': 'Brodie'}","{'jerseyNumber': 78, 'apiID': 8474673, 'name': 'TJ Brodie', 'position': 'Defenseman', 'firstName': 'TJ', 'lastName': 'Brodie'}"
"{'jerseyNumber': 47, 'apiID': 8473463, 'name': 'Leo Komarov', 'position': 'Right Wing', 'firstName': 'Leo', 'lastName': 'Komarov'}","{'jerseyNumber': 45, 'apiID': 8471392, 'name': 'Roman Polak', 'position': 'Defenseman', 'firstName': 'Roman', 'lastName': 'Polak'}","{'jerseyNumber': 91, 'apiID': 8475166, 'name': 'John Tavares', 'position': 'Center', 'firstName': 'John', 'lastName': 'Tavares'}","{'jerseyNumber': 52, 'apiID': 8475716, 'name': 'Martin Marincin', 'position': 'Defenseman', 'firstName': 'Martin', 'lastName': 'Marincin'}","{'jerseyNumber': 24, 'apiID': 8474567, 'name': 'Zach Bogosian', 'position': 'Defenseman', 'firstName': 'Zach', 'lastName': 'Bogosian'}","{'jerseyNumber': 78, 'apiID': 8474673, 'name': 'TJ Brodie', 'position': 'Defenseman', 'firstName': 'TJ', 'lastName': 'Brodie'}","{'jerseyNumber': 18, 'apiID': 8474818, 'name': 'Jordie Benn', 'position': 'Defenseman', 'firstName': 'Jordie', 'lastName': 'Benn'}","{'jerseyNumber': 31, 'apiID': 8474889, 'name': 'Martin Jones', 'position': 'Goalie', 'firstName': 'Martin', 'lastName': 'Jones'}"
"{'jerseyNumber': 21, 'apiID': 8474037, 'name': 'James van Riemsdyk', 'position': 'Left Wing', 'firstName': 'James', 'lastName': 'van'}","{'jerseyNumber': 47, 'apiID': 8473463, 'name': 'Leo Komarov', 'position': 'Right Wing', 'firstName': 'Leo', 'lastName': 'Komarov'}","{'jerseyNumber': 91, 'apiID': 8475172, 'name': 'Nazem Kadri', 'position': 'Center', 'firstName': 'Nazem', 'lastName': 'Kadri'}","{'jerseyNumber': 3, 'apiID': 8475718, 'name': 'Justin Holl', 'position': 'Defenseman', 'firstName': 'Justin', 'lastName': 'Holl'}","{'jerseyNumber': 78, 'apiID': 8474673, 'name': 'TJ Brodie', 'position': 'Defenseman', 'firstName': 'TJ', 'lastName': 'Brodie'}","{'jerseyNumber': 43, 'apiID': 8475160, 'name': 'Kyle Clifford', 'position': 'Left Wing', 'firstName': 'Kyle', 'lastName': 'Clifford'}","{'jerseyNumber': 90, 'apiID': 8475158, 'name': ""Ryan O'Reilly"", 'position': 'Center', 'firstName': 'Ryan', 'lastName': ""O'Reilly""}","{'jerseyNumber': 43, 'apiID': 8475160, 'name': 'Kyle Clifford', 'position': 'Left Wing', 'firstName': 'Kyle', 'lastName': 'Clifford'}"
"{'jerseyNumber': 51, 'apiID': 8474581, 'name': 'Jake Gardiner', 'position': 'Defenseman', 'firstName': 'Jake', 'lastName': 'Gardiner'}","{'jerseyNumber': 21, 'apiID': 8474037, 'name': 'James van Riemsdyk', 'position': 'Left Wing', 'firstName': 'James', 'lastName': 'van'}","{'jerseyNumber': 52, 'apiID': 8475716, 'name': 'Martin Marincin', 'position': 'Defenseman', 'firstName': 'Martin', 'lastName': 'Marincin'}","{'jerseyNumber': 18, 'apiID': 8475786, 'name': 'Zach Hyman', 'position': 'Left Wing', 'firstName': 'Zach', 'lastName': 'Hyman'}","{'jerseyNumber': 91, 'apiID': 8475166, 'name': 'John Tavares', 'position': 'Center', 'firstName': 'John', 'lastName': 'Tavares'}","{'jerseyNumber': 91, 'apiID': 8475166, 'name': 'John Tavares', 'position': 'Center', 'firstName': 'John', 'lastName': 'Tavares'}","{'jerseyNumber': 43, 'apiID': 8475160, 'name': 'Kyle Clifford', 'position': 'Left Wing', 'firstName': 'Kyle', 'lastName': 'Clifford'}","{'jerseyNumber': 91, 'apiID': 8475166, 'name': 'John Tavares', 'position': 'Center', 'firstName': 'John', 'lastName': 'Tavares'}"
"{'jerseyNumber': 17, 'apiID': 8474709, 'name': 'Matt Martin', 'position': 'Left Wing', 'firstName': 'Matt', 'lastName': 'Martin'}","{'jerseyNumber': 51, 'apiID': 8474581, 'name': 'Jake Gardiner', 'position': 'Defenseman', 'firstName': 'Jake', 'lastName': 'Gardiner'}","{'jerseyNumber': 3, 'apiID': 8475718, 'name': 'Justin Holl', 'position': 'Defenseman', 'firstName': 'Justin', 'lastName': 'Holl'}","{'jerseyNumber': 5, 'apiID': 8475857, 'name': 'Kevin Gravel', 'position': 'Defenseman', 'firstName': 'Kevin', 'lastName': 'Gravel'}","{'jerseyNumber': 3, 'apiID': 8475718, 'name': 'Justin Holl', 'position': 'Defenseman', 'firstName': 'Justin', 'lastName': 'Holl'}","{'jerseyNumber': 3, 'apiID': 8475718, 'name': 'Justin Holl', 'position': 'Defenseman', 'firstName': 'Justin', 'lastName': 'Holl'}","{'jerseyNumber': 91, 'apiID': 8475166, 'name': 'John Tavares', 'position': 'Center', 'firstName': 'John', 'lastName': 'Tavares'}","{'jerseyNumber': 19, 'apiID': 8475714, 'name': 'Calle Jarnkrok', 'position': 'Center', 'firstName': 'Calle', 'lastName': 'Jarnkrok'}"
"{'jerseyNumber': 18, 'apiID': 8474727, 'name': 'Ben Smith', 'position': 'Right Wing', 'firstName': 'Ben', 'lastName': 'Smith'}","{'jerseyNumber': 17, 'apiID': 8474709, 'name': 'Matt Martin', 'position': 'Left Wing', 'firstName': 'Matt', 'lastName': 'Martin'}","{'jerseyNumber': 18, 'apiID': 8475786, 'name': 'Zach Hyman', 'position': 'Left Wing', 'firstName': 'Zach', 'lastName': 'Hyman'}","{'jerseyNumber': 21, 'apiID': 8476406, 'name': 'Nicholas Shore', 'position': 'Center', 'firstName': 'Nicholas', 'lastName': 'Shore'}","{'jerseyNumber': 18, 'apiID': 8475786, 'name': 'Zach Hyman', 'position': 'Left Wing', 'firstName': 'Zach', 'lastName': 'Hyman'}","{'jerseyNumber': 43, 'apiID': 8476278, 'name': 'Colin Blackwell', 'position': 'Center', 'firstName': 'Colin', 'lastName': 'Blackwell'}","{'jerseyNumber': 19, 'apiID': 8475714, 'name': 'Calle Jarnkrok', 'position': 'Center', 'firstName': 'Calle', 'lastName': 'Jarnkrok'}","{'jerseyNumber': 3, 'apiID': 8475906, 'name': 'John Klingberg', 'position': 'Defenseman', 'firstName': 'John', 'lastName': 'Klingberg'}"
"{'jerseyNumber': 21, 'apiID': 8475098, 'name': 'Tyler Bozak', 'position': 'Center', 'firstName': 'Tyler', 'lastName': 'Bozak'}","{'jerseyNumber': 21, 'apiID': 8475098, 'name': 'Tyler Bozak', 'position': 'Center', 'firstName': 'Tyler', 'lastName': 'Bozak'}","{'jerseyNumber': 17, 'apiID': 8476410, 'name': 'Josh Leivo', 'position': 'Left Wing', 'firstName': 'Josh', 'lastName': 'Leivo'}","{'jerseyNumber': 44, 'apiID': 8476853, 'name': 'Morgan Rielly', 'position': 'Defenseman', 'firstName': 'Morgan', 'lastName': 'Rielly'}","{'jerseyNumber': 18, 'apiID': 8475844, 'name': 'Kenny Agostino', 'position': 'Left Wing', 'firstName': 'Kenny', 'lastName': 'Agostino'}","{'jerseyNumber': 44, 'apiID': 8476853, 'name': 'Morgan Rielly', 'position': 'Defenseman', 'firstName': 'Morgan', 'lastName': 'Rielly'}","{'jerseyNumber': 3, 'apiID': 8475718, 'name': 'Justin Holl', 'position': 'Defenseman', 'firstName': 'Justin', 'lastName': 'Holl'}","{'jerseyNumber': 44, 'apiID': 8476853, 'name': 'Morgan Rielly', 'position': 'Defenseman', 'firstName': 'Morgan', 'lastName': 'Rielly'}"
"{'jerseyNumber': 91, 'apiID': 8475172, 'name': 'Nazem Kadri', 'position': 'Center', 'firstName': 'Nazem', 'lastName': 'Kadri'}","{'jerseyNumber': 91, 'apiID': 8475172, 'name': 'Nazem Kadri', 'position': 'Center', 'firstName': 'Nazem', 'lastName': 'Kadri'}","{'jerseyNumber': 44, 'apiID': 8476853, 'name': 'Morgan Rielly', 'position': 'Defenseman', 'firstName': 'Morgan', 'lastName': 'Rielly'}","{'jerseyNumber': 46, 'apiID': 8476857, 'name': 'Pontus Aberg', 'position': 'Left Wing', 'firstName': 'Pontus', 'lastName': 'Aberg'}","{'jerseyNumber': 72, 'apiID': 8476329, 'name': 'Travis Boyd', 'position': 'Center', 'firstName': 'Travis', 'lastName': 'Boyd'}","{'jerseyNumber': 15, 'apiID': 8477021, 'name': 'Alex Kerfoot', 'position': 'Center', 'firstName': 'Alex', 'lastName': 'Kerfoot'}","{'jerseyNumber': 44, 'apiID': 8476853, 'name': 'Morgan Rielly', 'position': 'Defenseman', 'firstName': 'Morgan', 'lastName': 'Rielly'}","{'jerseyNumber': 22, 'apiID': 8476931, 'name': 'Jake McCabe', 'position': 'Defenseman', 'firstName': 'Jake', 'lastName': 'McCabe'}"
"{'jerseyNumber': 51, 'apiID': 8475278, 'name': 'Byron Froese', 'position': 'Center', 'firstName': 'Byron', 'lastName': 'Froese'}","{'jerseyNumber': 52, 'apiID': 8475716, 'name': 'Martin Marincin', 'position': 'Defenseman', 'firstName': 'Martin', 'lastName': 'Marincin'}","{'jerseyNumber': 28, 'apiID': 8477015, 'name': 'Connor Brown', 'position': 'Right Wing', 'firstName': 'Connor', 'lastName': 'Brown'}","{'jerseyNumber': 5, 'apiID': 8476879, 'name': 'Cody Ceci', 'position': 'Defenseman', 'firstName': 'Cody', 'lastName': 'Ceci'}","{'jerseyNumber': 23, 'apiID': 8476474, 'name': 'Stefan Noesen', 'position': 'Right Wing', 'firstName': 'Stefan', 'lastName': 'Noesen'}","{'jerseyNumber': 48, 'apiID': 8477472, 'name': 'Carl Dahlstrom', 'position': 'Defenseman', 'firstName': 'Carl', 'lastName': 'Dahlstrom'}","{'jerseyNumber': 22, 'apiID': 8476931, 'name': 'Jake McCabe', 'position': 'Defenseman', 'firstName': 'Jake', 'lastName': 'McCabe'}","{'jerseyNumber': 59, 'apiID': 8477479, 'name': 'Tyler Bertuzzi', 'position': 'Left Wing', 'firstName': 'Tyler', 'lastName': 'Bertuzzi'}"
"{'jerseyNumber': 52, 'apiID': 8475716, 'name': 'Martin Marincin', 'position': 'Defenseman', 'firstName': 'Martin', 'lastName': 'Marincin'}","{'jerseyNumber': 3, 'apiID': 8475718, 'name': 'Justin Holl', 'position': 'Defenseman', 'firstName': 'Justin', 'lastName': 'Holl'}","{'jerseyNumber': 18, 'apiID': 8477341, 'name': 'Andreas Johnsson', 'position': 'Left Wing', 'firstName': 'Andreas', 'lastName': 'Johnsson'}","{'jerseyNumber': 15, 'apiID': 8477021, 'name': 'Alex Kerfoot', 'position': 'Center', 'firstName': 'Alex', 'lastName': 'Kerfoot'}","{'jerseyNumber': 17, 'apiID': 8476851, 'name': 'Alex Galchenyuk', 'position': 'Center', 'firstName': 'Alex', 'lastName': 'Galchenyuk'}","{'jerseyNumber': 88, 'apiID': 8477939, 'name': 'William Nylander', 'position': 'Right Wing', 'firstName': 'William', 'lastName': 'Nylander'}","{'jerseyNumber': 56, 'apiID': 8476979, 'name': 'Erik Gustafsson', 'position': 'Defenseman', 'firstName': 'Erik', 'lastName': 'Gustafsson'}","{'jerseyNumber': 11, 'apiID': 8477503, 'name': 'Max Domi', 'position': 'Center', 'firstName': 'Max', 'lastName': 'Domi'}"
"{'jerseyNumber': 18, 'apiID': 8475786, 'name': 'Zach Hyman', 'position': 'Left Wing', 'firstName': 'Zach', 'lastName': 'Hyman'}","{'jerseyNumber': 18, 'apiID': 8475786, 'name': 'Zach Hyman', 'position': 'Left Wing', 'firstName': 'Zach', 'lastName': 'Hyman'}","{'jerseyNumber': 19, 'apiID': 8477464, 'name': 'Nic Petan', 'position': 'Center', 'firstName': 'Nic', 'lastName': 'Petan'}","{'jerseyNumber': 18, 'apiID': 8477341, 'name': 'Andreas Johnsson', 'position': 'Left Wing', 'firstName': 'Andreas', 'lastName': 'Johnsson'}","{'jerseyNumber': 44, 'apiID': 8476853, 'name': 'Morgan Rielly', 'position': 'Defenseman', 'firstName': 'Morgan', 'lastName': 'Rielly'}","{'jerseyNumber': 27, 'apiID': 8477941, 'name': 'Nick Ritchie', 'position': 'Left Wing', 'firstName': 'Nick', 'lastName': 'Ritchie'}","{'jerseyNumber': 15, 'apiID': 8477021, 'name': 'Alex Kerfoot', 'position': 'Center', 'firstName': 'Alex', 'lastName': 'Kerfoot'}","{'jerseyNumber': 88, 'apiID': 8477939, 'name': 'William Nylander', 'position': 'Right Wing', 'firstName': 'William', 'lastName': 'Nylander'}"
"{'jerseyNumber': 3, 'apiID': 8476289, 'name': 'Alexey Marchenko', 'position': 'Defenseman', 'firstName': 'Alexey', 'lastName': 'Marchenko'}","{'jerseyNumber': 17, 'apiID': 8476410, 'name': 'Josh Leivo', 'position': 'Left Wing', 'firstName': 'Josh', 'lastName': 'Leivo'}","{'jerseyNumber': 38, 'apiID': 8477512, 'name': 'Frederik Gauthier', 'position': 'Center', 'firstName': 'Frederik', 'lastName': 'Gauthier'}","{'jerseyNumber': 19, 'apiID': 8477464, 'name': 'Nic Petan', 'position': 'Center', 'firstName': 'Nic', 'lastName': 'Petan'}","{'jerseyNumber': 26, 'apiID': 8476918, 'name': 'Jimmy Vesey', 'position': 'Left Wing', 'firstName': 'Jimmy', 'lastName': 'Vesey'}","{'jerseyNumber': 22, 'apiID': 8478020, 'name': 'Michael Amadio', 'position': 'Right Wing', 'firstName': 'Michael', 'lastName': 'Amadio'}","{'jerseyNumber': 88, 'apiID': 8477939, 'name': 'William Nylander', 'position': 'Right Wing', 'firstName': 'William', 'lastName': 'Nylander'}","{'jerseyNumber': 85, 'apiID': 8478021, 'name': 'William Lagesson', 'position': 'Defenseman', 'firstName': 'William', 'lastName': 'Lagesson'}"
"{'jerseyNumber': 18, 'apiID': 8476302, 'name': 'Frank Corrado', 'position': 'Defenseman', 'firstName': 'Frank', 'lastName': 'Corrado'}","{'jerseyNumber': 44, 'apiID': 8476853, 'name': 'Morgan Rielly', 'position': 'Defenseman', 'firstName': 'Morgan', 'lastName': 'Rielly'}","{'jerseyNumber': 88, 'apiID': 8477939, 'name': 'William Nylander', 'position': 'Right Wing', 'firstName': 'William', 'lastName': 'Nylander'}","{'jerseyNumber': 38, 'apiID': 8477512, 'name': 'Frederik Gauthier', 'position': 'Center', 'firstName': 'Frederik', 'lastName': 'Gauthier'}","{'jerseyNumber': 17, 'apiID': 8477018, 'name': 'Ben Hutton', 'position': 'Defenseman', 'firstName': 'Ben', 'lastName': 'Hutton'}","{'jerseyNumber': 58, 'apiID': 8478047, 'name': 'Michael Bunting', 'position': 'Left Wing', 'firstName': 'Michael', 'lastName': 'Bunting'}","{'jerseyNumber': 96, 'apiID': 8477979, 'name': 'Nicolas Aube-Kubel', 'position': 'Right Wing', 'firstName': 'Nicolas', 'lastName': 'Aube-Kubel'}","{'jerseyNumber': 28, 'apiID': 8478043, 'name': 'Sam Lafferty', 'position': 'Center', 'firstName': 'Sam', 'lastName': 'Lafferty'}"
"{'jerseyNumber': 17, 'apiID': 8476410, 'name': 'Josh Leivo', 'position': 'Left Wing', 'firstName': 'Josh', 'lastName': 'Leivo'}","{'jerseyNumber': 36, 'apiID': 8476941, 'name': 'Connor Carrick', 'position': 'Defenseman', 'firstName': 'Connor', 'lastName': 'Carrick'}","{'jerseyNumber': 42, 'apiID': 8477953, 'name': 'Kasperi Kapanen', 'position': 'Right Wing', 'firstName': 'Kasperi', 'lastName': 'Kapanen'}","{'jerseyNumber': 88, 'apiID': 8477939, 'name': 'William Nylander', 'position': 'Right Wing', 'firstName': 'William', 'lastName': 'Nylander'}","{'jerseyNumber': 15, 'apiID': 8477021, 'name': 'Alex Kerfoot', 'position': 'Center', 'firstName': 'Alex', 'lastName': 'Kerfoot'}","{'jerseyNumber': 18, 'apiID': 8478115, 'name': 'Pierre Engvall', 'position': 'Left Wing', 'firstName': 'Pierre', 'lastName': 'Engvall'}","{'jerseyNumber': 28, 'apiID': 8478043, 'name': 'Sam Lafferty', 'position': 'Center', 'firstName': 'Sam', 'lastName': 'Lafferty'}","{'jerseyNumber': 16, 'apiID': 8478483, 'name': 'Mitchell Marner', 'position': 'Right Wing', 'firstName': 'Mitchell', 'lastName': 'Marner'}"
"{'jerseyNumber': 23, 'apiID': 8476495, 'name': 'Seth Griffith', 'position': 'Center', 'firstName': 'Seth', 'lastName': 'Griffith'}","{'jerseyNumber': 28, 'apiID': 8477015, 'name': 'Connor Brown', 'position': 'Right Wing', 'firstName': 'Connor', 'lastName': 'Brown'}","{'jerseyNumber': 33, 'apiID': 8478408, 'name': 'Travis Dermott', 'position': 'Defenseman', 'firstName': 'Travis', 'lastName': 'Dermott'}","{'jerseyNumber': 42, 'apiID': 8477953, 'name': 'Kasperi Kapanen', 'position': 'Right Wing', 'firstName': 'Kasperi', 'lastName': 'Kapanen'}","{'jerseyNumber': 49, 'apiID': 8477149, 'name': 'Scott Sabourin', 'position': 'Right Wing', 'firstName': 'Scott', 'lastName': 'Sabourin'}","{'jerseyNumber': 73, 'apiID': 8478131, 'name': 'Ondrej Kase', 'position': 'Right Wing', 'firstName': 'Ondrej', 'lastName': 'Kase'}","{'jerseyNumber': 58, 'apiID': 8478047, 'name': 'Michael Bunting', 'position': 'Left Wing', 'firstName': 'Michael', 'lastName': 'Bunting'}","{'jerseyNumber': 35, 'apiID': 8478492, 'name': 'Ilya Samsonov', 'position': 'Goalie', 'firstName': 'Ilya', 'lastName': 'Samsonov'}"
"{'jerseyNumber': 44, 'apiID': 8476853, 'name': 'Morgan Rielly', 'position': 'Defenseman', 'firstName': 'Morgan', 'lastName': 'Rielly'}","{'jerseyNumber': 18, 'apiID': 8477341, 'name': 'Andreas Johnsson', 'position': 'Left Wing', 'firstName': 'Andreas', 'lastName': 'Johnsson'}","{'jerseyNumber': 16, 'apiID': 8478483, 'name': 'Mitchell Marner', 'position': 'Right Wing', 'firstName': 'Mitchell', 'lastName': 'Marner'}","{'jerseyNumber': 18, 'apiID': 8478115, 'name': 'Pierre Engvall', 'position': 'Left Wing', 'firstName': 'Pierre', 'lastName': 'Engvall'}","{'jerseyNumber': 19, 'apiID': 8477464, 'name': 'Nic Petan', 'position': 'Center', 'firstName': 'Nic', 'lastName': 'Petan'}","{'jerseyNumber': 33, 'apiID': 8478408, 'name': 'Travis Dermott', 'position': 'Defenseman', 'firstName': 'Travis', 'lastName': 'Dermott'}","{'jerseyNumber': 18, 'apiID': 8478115, 'name': 'Pierre Engvall', 'position': 'Left Wing', 'firstName': 'Pierre', 'lastName': 'Engvall'}","{'jerseyNumber': 34, 'apiID': 8479318, 'name': 'Auston Matthews', 'position': 'Center', 'firstName': 'Auston', 'lastName': 'Matthews'}"
"{'jerseyNumber': 36, 'apiID': 8476941, 'name': 'Connor Carrick', 'position': 'Defenseman', 'firstName': 'Connor', 'lastName': 'Carrick'}","{'jerseyNumber': 38, 'apiID': 8477512, 'name': 'Frederik Gauthier', 'position': 'Center', 'firstName': 'Frederik', 'lastName': 'Gauthier'}","{'jerseyNumber': 34, 'apiID': 8479318, 'name': 'Auston Matthews', 'position': 'Center', 'firstName': 'Auston', 'lastName': 'Matthews'}","{'jerseyNumber': 33, 'apiID': 8478408, 'name': 'Travis Dermott', 'position': 'Defenseman', 'firstName': 'Travis', 'lastName': 'Dermott'}","{'jerseyNumber': 88, 'apiID': 8477939, 'name': 'William Nylander', 'position': 'Right Wing', 'firstName': 'William', 'lastName': 'Nylander'}","{'jerseyNumber': 16, 'apiID': 8478483, 'name': 'Mitchell Marner', 'position': 'Right Wing', 'firstName': 'Mitchell', 'lastName': 'Marner'}","{'jerseyNumber': 20, 'apiID': 8478211, 'name': 'Dryden Hunt', 'position': 'Left Wing', 'firstName': 'Dryden', 'lastName': 'Hunt'}","{'jerseyNumber': 48, 'apiID': 8479320, 'name': 'Max Lajoie', 'position': 'Defenseman', 'firstName': 'Max', 'lastName': 'Lajoie'}"
"{'jerseyNumber': 28, 'apiID': 8477015, 'name': 'Connor Brown', 'position': 'Right Wing', 'firstName': 'Connor', 'lastName': 'Brown'}","{'jerseyNumber': 88, 'apiID': 8477939, 'name': 'William Nylander', 'position': 'Right Wing', 'firstName': 'William', 'lastName': 'Nylander'}","{'jerseyNumber': 22, 'apiID': 8479458, 'name': 'Nikita Zaitsev', 'position': 'Defenseman', 'firstName': 'Nikita', 'lastName': 'Zaitsev'}","{'jerseyNumber': 16, 'apiID': 8478483, 'name': 'Mitchell Marner', 'position': 'Right Wing', 'firstName': 'Mitchell', 'lastName': 'Marner'}","{'jerseyNumber': 18, 'apiID': 8478115, 'name': 'Pierre Engvall', 'position': 'Left Wing', 'firstName': 'Pierre', 'lastName': 'Engvall'}","{'jerseyNumber': 62, 'apiID': 8478881, 'name': 'Brett Seney', 'position': 'Left Wing', 'firstName': 'Brett', 'lastName': 'Seney'}","{'jerseyNumber': 16, 'apiID': 8478483, 'name': 'Mitchell Marner', 'position': 'Right Wing', 'firstName': 'Mitchell', 'lastName': 'Marner'}","{'jerseyNumber': 60, 'apiID': 8479361, 'name': 'Joseph Woll', 'position': 'Goalie', 'firstName': 'Joseph', 'lastName': 'Woll'}"
"{'jerseyNumber': 38, 'apiID': 8477512, 'name': 'Frederik Gauthier', 'position': 'Center', 'firstName': 'Frederik', 'lastName': 'Gauthier'}","{'jerseyNumber': 42, 'apiID': 8477953, 'name': 'Kasperi Kapanen', 'position': 'Right Wing', 'firstName': 'Kasperi', 'lastName': 'Kapanen'}","{'jerseyNumber': 12, 'apiID': 8479675, 'name': 'Trevor Moore', 'position': 'Left Wing', 'firstName': 'Trevor', 'lastName': 'Moore'}","{'jerseyNumber': 81, 'apiID': 8478843, 'name': 'Denis Malgin', 'position': 'Center', 'firstName': 'Denis', 'lastName': 'Malgin'}","{'jerseyNumber': 33, 'apiID': 8478408, 'name': 'Travis Dermott', 'position': 'Defenseman', 'firstName': 'Travis', 'lastName': 'Dermott'}","{'jerseyNumber': 15, 'apiID': 8479315, 'name': 'Joey Anderson', 'position': 'Right Wing', 'firstName': 'Joey', 'lastName': 'Anderson'}","{'jerseyNumber': 55, 'apiID': 8478569, 'name': 'Noel Acciari', 'position': 'Center', 'firstName': 'Noel', 'lastName': 'Acciari'}","{'jerseyNumber': 57, 'apiID': 8479580, 'name': 'Dylan Gambrell', 'position': 'Center', 'firstName': 'Dylan', 'lastName': 'Gambrell'}"
"{'jerseyNumber': 88, 'apiID': 8477939, 'name': 'William Nylander', 'position': 'Right Wing', 'firstName': 'William', 'lastName': 'Nylander'}","{'jerseyNumber': 41, 'apiID': 8478373, 'name': 'Nikita Soshnikov', 'position': 'Right Wing', 'firstName': 'Nikita', 'lastName': 'Soshnikov'}","{'jerseyNumber': 43, 'apiID': 8480157, 'name': 'Calle Rosen', 'position': 'Defenseman', 'firstName': 'Calle', 'lastName': 'Rosen'}","{'jerseyNumber': 41, 'apiID': 8478857, 'name': 'Dmytro Timashov', 'position': 'Left Wing', 'firstName': 'Dmytro', 'lastName': 'Timashov'}","{'jerseyNumber': 16, 'apiID': 8478483, 'name': 'Mitchell Marner', 'position': 'Right Wing', 'firstName': 'Mitchell', 'lastName': 'Marner'}","{'jerseyNumber': 34, 'apiID': 8479318, 'name': 'Auston Matthews', 'position': 'Center', 'firstName': 'Auston', 'lastName': 'Matthews'}","{'jerseyNumber': 81, 'apiID': 8478843, 'name': 'Denis Malgin', 'position': 'Center', 'firstName': 'Denis', 'lastName': 'Malgin'}","{'jerseyNumber': 25, 'apiID': 8479982, 'name': 'Conor Timmins', 'position': 'Defenseman', 'firstName': 'Conor', 'lastName': 'Timmins'}"
"{'jerseyNumber': 42, 'apiID': 8477953, 'name': 'Kasperi Kapanen', 'position': 'Right Wing', 'firstName': 'Kasperi', 'lastName': 'Kapanen'}","{'jerseyNumber': 33, 'apiID': 8478408, 'name': 'Travis Dermott', 'position': 'Defenseman', 'firstName': 'Travis', 'lastName': 'Dermott'}","{'jerseyNumber': 92, 'apiID': 8480943, 'name': 'Igor Ozhiganov', 'position': 'Defenseman', 'firstName': 'Igor', 'lastName': 'Ozhiganov'}","{'jerseyNumber': 27, 'apiID': 8478975, 'name': 'Mason Marchment', 'position': 'Left Wing', 'firstName': 'Mason', 'lastName': 'Marchment'}","{'jerseyNumber': 22, 'apiID': 8478996, 'name': 'Adam Brooks', 'position': 'Center', 'firstName': 'Adam', 'lastName': 'Brooks'}","{'jerseyNumber': 68, 'apiID': 8479729, 'name': 'Kristians Rubins', 'position': 'Defenseman', 'firstName': 'Kristians', 'lastName': 'Rubins'}","{'jerseyNumber': 15, 'apiID': 8479315, 'name': 'Joey Anderson', 'position': 'Right Wing', 'firstName': 'Joey', 'lastName': 'Anderson'}","{'jerseyNumber': 37, 'apiID': 8480043, 'name': 'Timothy Liljegren', 'position': 'Defenseman', 'firstName': 'Timothy', 'lastName': 'Liljegren'}"
"{'jerseyNumber': 41, 'apiID': 8478373, 'name': 'Nikita Soshnikov', 'position': 'Right Wing', 'firstName': 'Nikita', 'lastName': 'Soshnikov'}","{'jerseyNumber': 16, 'apiID': 8478483, 'name': 'Mitchell Marner', 'position': 'Right Wing', 'firstName': 'Mitchell', 'lastName': 'Marner'}","{'jerseyNumber': 26, 'apiID': 8480944, 'name': 'Par Lindholm', 'position': 'Center', 'firstName': 'Par', 'lastName': 'Lindholm'}","{'jerseyNumber': 22, 'apiID': 8478996, 'name': 'Adam Brooks', 'position': 'Center', 'firstName': 'Adam', 'lastName': 'Brooks'}","{'jerseyNumber': 15, 'apiID': 8479315, 'name': 'Joey Anderson', 'position': 'Right Wing', 'firstName': 'Joey', 'lastName': 'Anderson'}","{'jerseyNumber': 37, 'apiID': 8480043, 'name': 'Timothy Liljegren', 'position': 'Defenseman', 'firstName': 'Timothy', 'lastName': 'Liljegren'}","{'jerseyNumber': 34, 'apiID': 8479318, 'name': 'Auston Matthews', 'position': 'Center', 'firstName': 'Auston', 'lastName': 'Matthews'}","{'jerseyNumber': 64, 'apiID': 8480144, 'name': 'David Kampf', 'position': 'Center', 'firstName': 'David', 'lastName': 'Kampf'}"
"{'jerseyNumber': 16, 'apiID': 8478483, 'name': 'Mitchell Marner', 'position': 'Right Wing', 'firstName': 'Mitchell', 'lastName': 'Marner'}","{'jerseyNumber': 34, 'apiID': 8479318, 'name': 'Auston Matthews', 'position': 'Center', 'firstName': 'Auston', 'lastName': 'Matthews'}","{'jerseyNumber': 31, 'apiID': 8474636, 'name': 'Michael Hutchinson', 'position': 'Goalie', 'firstName': 'Michael', 'lastName': 'Hutchinson'}","{'jerseyNumber': 34, 'apiID': 8479318, 'name': 'Auston Matthews', 'position': 'Center', 'firstName': 'Auston', 'lastName': 'Matthews'}","{'jerseyNumber': 34, 'apiID': 8479318, 'name': 'Auston Matthews', 'position': 'Center', 'firstName': 'Auston', 'lastName': 'Matthews'}","{'jerseyNumber': 64, 'apiID': 8480144, 'name': 'David Kampf', 'position': 'Center', 'firstName': 'David', 'lastName': 'Kampf'}","{'jerseyNumber': 98, 'apiID': 8479376, 'name': 'Victor Mete', 'position': 'Defenseman', 'firstName': 'Victor', 'lastName': 'Mete'}","{'jerseyNumber': 29, 'apiID': 8480995, 'name': 'Pontus Holmberg', 'position': 'Right Wing', 'firstName': 'Pontus', 'lastName': 'Holmberg'}"
"{'jerseyNumber': 34, 'apiID': 8479318, 'name': 'Auston Matthews', 'position': 'Center', 'firstName': 'Auston', 'lastName': 'Matthews'}","{'jerseyNumber': 22, 'apiID': 8479458, 'name': 'Nikita Zaitsev', 'position': 'Defenseman', 'firstName': 'Nikita', 'lastName': 'Zaitsev'}","{'jerseyNumber': 31, 'apiID': 8475883, 'name': 'Frederik Andersen', 'position': 'Goalie', 'firstName': 'Frederik', 'lastName': 'Andersen'}","{'jerseyNumber': 96, 'apiID': 8479510, 'name': 'Egor Korshkov', 'position': 'Right Wing', 'firstName': 'Egor', 'lastName': 'Korshkov'}","{'jerseyNumber': 37, 'apiID': 8480043, 'name': 'Timothy Liljegren', 'position': 'Defenseman', 'firstName': 'Timothy', 'lastName': 'Liljegren'}","{'jerseyNumber': 38, 'apiID': 8480873, 'name': 'Rasmus Sandin', 'position': 'Defenseman', 'firstName': 'Rasmus', 'lastName': 'Sandin'}","{'jerseyNumber': 12, 'apiID': 8479944, 'name': 'Zach Aston-Reese', 'position': 'Center', 'firstName': 'Zach', 'lastName': 'Aston-Reese'}","{'jerseyNumber': 2, 'apiID': 8481122, 'name': 'Simon Benoit', 'position': 'Defenseman', 'firstName': 'Simon', 'lastName': 'Benoit'}"
"{'jerseyNumber': 22, 'apiID': 8479458, 'name': 'Nikita Zaitsev', 'position': 'Defenseman', 'firstName': 'Nikita', 'lastName': 'Zaitsev'}","{'jerseyNumber': 43, 'apiID': 8480157, 'name': 'Calle Rosen', 'position': 'Defenseman', 'firstName': 'Calle', 'lastName': 'Rosen'}","{'jerseyNumber': 80, 'apiID': 8476343, 'name': 'Garret Sparks', 'position': 'Goalie', 'firstName': 'Garret', 'lastName': 'Sparks'}","{'jerseyNumber': 12, 'apiID': 8479675, 'name': 'Trevor Moore', 'position': 'Left Wing', 'firstName': 'Trevor', 'lastName': 'Moore'}","{'jerseyNumber': 38, 'apiID': 8480873, 'name': 'Rasmus Sandin', 'position': 'Defenseman', 'firstName': 'Rasmus', 'lastName': 'Sandin'}","{'jerseyNumber': 46, 'apiID': 8480950, 'name': 'Ilya Lyubushkin', 'position': 'Defenseman', 'firstName': 'Ilya', 'lastName': 'Lyubushkin'}","{'jerseyNumber': 25, 'apiID': 8479982, 'name': 'Conor Timmins', 'position': 'Defenseman', 'firstName': 'Conor', 'lastName': 'Timmins'}","{'jerseyNumber': 84, 'apiID': 8481614, 'name': 'Mikko Kokkonen', 'position': 'Defenseman', 'firstName': 'Mikko', 'lastName': 'Kokkonen'}"
"{'jerseyNumber': 35, 'apiID': 8470147, 'name': 'Curtis McElhinney', 'position': 'Goalie', 'firstName': 'Curtis', 'lastName': 'McElhinney'}","{'jerseyNumber': 6, 'apiID': 8480158, 'name': 'Andreas Borgman', 'position': 'Defenseman', 'firstName': 'Andreas', 'lastName': 'Borgman'}",0,"{'jerseyNumber': 37, 'apiID': 8480043, 'name': 'Timothy Liljegren', 'position': 'Defenseman', 'firstName': 'Timothy', 'lastName': 'Liljegren'}","{'jerseyNumber': 89, 'apiID': 8481582, 'name': 'Nicholas Robertson', 'position': 'Left Wing', 'firstName': 'Nicholas', 'lastName': 'Robertson'}","{'jerseyNumber': 89, 'apiID': 8481582, 'name': 'Nicholas Robertson', 'position': 'Left Wing', 'firstName': 'Nicholas', 'lastName': 'Robertson'}","{'jerseyNumber': 37, 'apiID': 8480043, 'name': 'Timothy Liljegren', 'position': 'Defenseman', 'firstName': 'Timothy', 'lastName': 'Liljegren'}","{'jerseyNumber': 74, 'apiID': 8482259, 'name': 'Bobby McMann', 'position': 'Center', 'firstName': 'Bobby', 'lastName': 'McMann'}"
"{'jerseyNumber': 31, 'apiID': 8473523, 'name': 'Jhonas Enroth', 'position': 'Goalie', 'firstName': 'Jhonas', 'lastName': 'Enroth'}","{'jerseyNumber': 35, 'apiID': 8470147, 'name': 'Curtis McElhinney', 'position': 'Goalie', 'firstName': 'Curtis', 'lastName': 'McElhinney'}",0,"{'jerseyNumber': 43, 'apiID': 8480157, 'name': 'Calle Rosen', 'position': 'Defenseman', 'firstName': 'Calle', 'lastName': 'Rosen'}","{'jerseyNumber': 65, 'apiID': 8481624, 'name': 'Ilya Mikheyev', 'position': 'Right Wing', 'firstName': 'Ilya', 'lastName': 'Mikheyev'}","{'jerseyNumber': 65, 'apiID': 8481624, 'name': 'Ilya Mikheyev', 'position': 'Right Wing', 'firstName': 'Ilya', 'lastName': 'Mikheyev'}","{'jerseyNumber': 64, 'apiID': 8480144, 'name': 'David Kampf', 'position': 'Center', 'firstName': 'David', 'lastName': 'Kampf'}","{'jerseyNumber': 23, 'apiID': 8482720, 'name': 'Matthew Knies', 'position': 'Left Wing', 'firstName': 'Matthew', 'lastName': 'Knies'}"
"{'jerseyNumber': 31, 'apiID': 8475883, 'name': 'Frederik Andersen', 'position': 'Goalie', 'firstName': 'Frederik', 'lastName': 'Andersen'}","{'jerseyNumber': 30, 'apiID': 8475717, 'name': 'Calvin Pickard', 'position': 'Goalie', 'firstName': 'Calvin', 'lastName': 'Pickard'}",0,"{'jerseyNumber': 38, 'apiID': 8480873, 'name': 'Rasmus Sandin', 'position': 'Defenseman', 'firstName': 'Rasmus', 'lastName': 'Sandin'}","{'jerseyNumber': 94, 'apiID': 8482222, 'name': 'Alexander Barabanov', 'position': 'Left Wing', 'firstName': 'Alexander', 'lastName': 'Barabanov'}","{'jerseyNumber': 26, 'apiID': 8481720, 'name': 'Nick Abruzzese', 'position': 'Center', 'firstName': 'Nick', 'lastName': 'Abruzzese'}","{'jerseyNumber': 81, 'apiID': 8480439, 'name': 'Mac Hollowell', 'position': 'Defenseman', 'firstName': 'Mac', 'lastName': 'Hollowell'}","{'jerseyNumber': 39, 'apiID': 8483489, 'name': 'Fraser Minten', 'position': 'Center', 'firstName': 'Fraser', 'lastName': 'Minten'}"
"{'jerseyNumber': 30, 'apiID': 8477312, 'name': 'Antoine Bibeau', 'position': 'Goalie', 'firstName': 'Antoine', 'lastName': 'Bibeau'}","{'jerseyNumber': 31, 'apiID': 8475883, 'name': 'Frederik Andersen', 'position': 'Goalie', 'firstName': 'Frederik', 'lastName': 'Andersen'}",0,"{'jerseyNumber': 65, 'apiID': 8481624, 'name': 'Ilya Mikheyev', 'position': 'Right Wing', 'firstName': 'Ilya', 'lastName': 'Mikheyev'}","{'jerseyNumber': 43, 'apiID': 8482247, 'name': 'Mikko Lehtonen', 'position': 'Defenseman', 'firstName': 'Mikko', 'lastName': 'Lehtonen'}","{'jerseyNumber': 46, 'apiID': 8482634, 'name': 'Alex Steeves', 'position': 'Center', 'firstName': 'Alex', 'lastName': 'Steeves'}","{'jerseyNumber': 82, 'apiID': 8480820, 'name': 'Filip Kral', 'position': 'Defenseman', 'firstName': 'Filip', 'lastName': 'Kral'}","{'jerseyNumber': 53, 'apiID': 8484158, 'name': 'Easton Cowan', 'position': 'Right Wing', 'firstName': 'Easton', 'lastName': 'Cowan'}"
0,0,0,"{'jerseyNumber': 89, 'apiID': 8481582, 'name': 'Nicholas Robertson', 'position': 'Left Wing', 'firstName': 'Nicholas', 'lastName': 'Robertson'}","{'jerseyNumber': 18, 'apiID': 8474062, 'name': 'Riley Nash', 'position': 'Center', 'firstName': 'Riley', 'lastName': 'Nash'}","{'jerseyNumber': 94, 'apiID': 8482815, 'name': 'Kirill Semyonov', 'position': 'Center', 'firstName': 'Kirill', 'lastName': 'Semyonov'}","{'jerseyNumber': 38, 'apiID': 8480873, 'name': 'Rasmus Sandin', 'position': 'Defenseman', 'firstName': 'Rasmus', 'lastName': 'Sandin'}",0
0,0,0,"{'jerseyNumber': 31, 'apiID': 8474636, 'name': 'Michael Hutchinson', 'position': 'Goalie', 'firstName': 'Michael', 'lastName': 'Hutchinson'}","{'jerseyNumber': 31, 'apiID': 8474636, 'name': 'Michael Hutchinson', 'position': 'Goalie', 'firstName': 'Michael', 'lastName': 'Hutchinson'}","{'jerseyNumber': 31, 'apiID': 8474636, 'name': 'Michael Hutchinson', 'position': 'Goalie', 'firstName': 'Michael', 'lastName': 'Hutchinson'}","{'jerseyNumber': 85, 'apiID': 8480977, 'name': 'Semyon Der-Arguchintsev', 'position': 'Center', 'firstName': 'Semyon', 'lastName': 'Der-Arguchintsev'}",0
0,0,0,"{'jerseyNumber': 36, 'apiID': 8475789, 'name': 'Jack Campbell', 'position': 'Goalie', 'firstName': 'Jack', 'lastName': 'Campbell'}","{'jerseyNumber': 36, 'apiID': 8475789, 'name': 'Jack Campbell', 'position': 'Goalie', 'firstName': 'Jack', 'lastName': 'Campbell'}","{'jerseyNumber': 36, 'apiID': 8475789, 'name': 'Jack Campbell', 'position': 'Goalie', 'firstName': 'Jack', 'lastName': 'Campbell'}","{'jerseyNumber': 29, 'apiID': 8480995, 'name': 'Pontus Holmberg', 'position': 'Right Wing', 'firstName': 'Pontus', 'lastName': 'Holmberg'}",0
0,0,0,"{'jerseyNumber': 31, 'apiID': 8475883, 'name': 'Frederik Andersen', 'position': 'Goalie', 'firstName': 'Frederik', 'lastName': 'Andersen'}","{'jerseyNumber': 31, 'apiID': 8475883, 'name': 'Frederik Andersen', 'position': 'Goalie', 'firstName': 'Frederik', 'lastName': 'Andersen'}","{'jerseyNumber': 34, 'apiID': 8475852, 'name': 'Petr Mrazek', 'position': 'Goalie', 'firstName': 'Petr', 'lastName': 'Mrazek'}","{'jerseyNumber': 89, 'apiID': 8481582, 'name': 'Nicholas Robertson', 'position': 'Left Wing', 'firstName': 'Nicholas', 'lastName': 'Robertson'}",0
0,0,0,"{'jerseyNumber': 73, 'apiID': 8479288, 'name': 'Kasimir Kaskisuo', 'position': 'Goalie', 'firstName': 'Kasimir', 'lastName': 'Kaskisuo'}","{'jerseyNumber': 31, 'apiID': 8479496, 'name': 'David Rittich', 'position': 'Goalie', 'firstName': 'David', 'lastName': 'Rittich'}","{'jerseyNumber': 50, 'apiID': 8478902, 'name': 'Erik Kallgren', 'position': 'Goalie', 'firstName': 'Erik', 'lastName': 'Kallgren'}","{'jerseyNumber': 26, 'apiID': 8481720, 'name': 'Nick Abruzzese', 'position': 'Center', 'firstName': 'Nick', 'lastName': 'Abruzzese'}",0
0,0,0,0,0,"{'jerseyNumber': 60, 'apiID': 8479361, 'name': 'Joseph Woll', 'position': 'Goalie', 'firstName': 'Joseph', 'lastName': 'Woll'}","{'jerseyNumber': 63, 'apiID': 8482241, 'name': 'Radim Zohorna', 'position': 'Left Wing', 'firstName': 'Radim', 'lastName': 'Zohorna'}",0
0,0,0,0,0,0,"{'jerseyNumber': 74, 'apiID': 8482259, 'name': 'Bobby McMann', 'position': 'Center', 'firstName': 'Bobby', 'lastName': 'McMann'}",0
0,0,0,0,0,0,"{'jerseyNumber': 46, 'apiID': 8482634, 'name': 'Alex Steeves', 'position': 'Center', 'firstName': 'Alex', 'lastName': 'Steeves'}",0
0,0,0,0,0,0,"{'jerseyNumber': 23, 'apiID': 8482720, 'name': 'Matthew Knies', 'position': 'Left Wing', 'firstName': 'Matthew', 'lastName': 'Knies'}",0
0,0,0,0,0,0,"{'jerseyNumber': 30, 'apiID': 8476899, 'name': 'Matt Murray', 'position': 'Goalie', 'firstName': 'Matt', 'lastName': 'Murray'}",0
0,0,0,0,0,0,"{'jerseyNumber': 35, 'apiID': 8478492, 'name': 'Ilya Samsonov', 'position': 'Goalie', 'firstName': 'Ilya', 'lastName': 'Samsonov'}",0
0,0,0,0,0,0,"{'jerseyNumber': 50, 'apiID': 8478902, 'name': 'Erik Kallgren', 'position': 'Goalie', 'firstName': 'Erik', 'lastName': 'Kallgren'}",0
0,0,0,0,0,0,"{'jerseyNumber': 60, 'apiID': 8479361, 'name': 'Joseph Woll', 'position': 'Goalie', 'firstName': 'Joseph', 'lastName': 'Woll'}",0
